"Application_ID";"Application_Status";"Credit_History";"Dependents";"Education";"Gender";"Income";"Married";"Property_Area";"Self_Employed"
"LP001002";"Y";1;"0";"Graduate";"Male";"medium";"No";"Urban";"No"
"LP001003";"N";1;"1";"Graduate";"Male";"medium";"Yes";"Rural";"No"
"LP001005";"Y";1;"0";"Graduate";"Male";"low";"Yes";"Urban";"Yes"
"LP001006";"Y";1;"0";"Not Graduate";"Male";"low";"Yes";"Urban";"No"
"LP001008";"Y";1;"0";"Graduate";"Male";"medium";"No";"Urban";"No"
"LP001011";"Y";1;"2";"Graduate";"Male";"medium";"Yes";"Urban";"Yes"
"LP001013";"Y";1;"0";"Not Graduate";"Male";"low";"Yes";"Urban";"No"
"LP001014";"N";0;"3+";"Graduate";"Male";"low";"Yes";"Semiurban";"No"
"LP001018";"Y";1;"2";"Graduate";"Male";"medium";"Yes";"Urban";"No"
"LP001020";"N";1;"1";"Graduate";"Male";"high";"Yes";"Semiurban";"No"
"LP001024";"Y";1;"2";"Graduate";"Male";"low";"Yes";"Urban";"No"
"LP001028";"Y";1;"2";"Graduate";"Male";"low";"Yes";"Urban";"No"
"LP001029";"N";1;"0";"Graduate";"Male";"low";"No";"Rural";"No"
"LP001030";"Y";1;"2";"Graduate";"Male";"low";"Yes";"Urban";"No"
"LP001032";"Y";1;"0";"Graduate";"Male";"medium";"No";"Urban";"No"
"LP001036";"N";0;"0";"Graduate";"Female";"low";"No";"Urban";"No"
"LP001038";"N";1;"0";"Not Graduate";"Male";"medium";"Yes";"Rural";"No"
"LP001043";"N";0;"0";"Not Graduate";"Male";"medium";"Yes";"Urban";"No"
"LP001046";"Y";1;"1";"Graduate";"Male";"medium";"Yes";"Urban";"No"
"LP001047";"N";0;"0";"Not Graduate";"Male";"low";"Yes";"Semiurban";"No"
"LP001066";"Y";1;"0";"Graduate";"Male";"medium";"Yes";"Semiurban";"Yes"
"LP001068";"Y";1;"0";"Graduate";"Male";"low";"Yes";"Semiurban";"No"
"LP001073";"Y";1;"2";"Not Graduate";"Male";"medium";"Yes";"Urban";"No"
"LP001086";"N";1;"0";"Not Graduate";"Male";"low";"No";"Urban";"No"
"LP001095";"N";1;"0";"Graduate";"Male";"low";"No";"Urban";"No"
"LP001097";"N";1;"1";"Graduate";"Male";"medium";"No";"Rural";"Yes"
"LP001098";"Y";1;"0";"Graduate";"Male";"low";"Yes";"Semiurban";"No"
"LP001100";"N";1;"3+";"Graduate";"Male";"high";"No";"Rural";"No"
"LP001106";"Y";1;"0";"Graduate";"Male";"low";"Yes";"Urban";"No"
"LP001109";"N";0;"0";"Graduate";"Male";"low";"Yes";"Urban";"No"
"LP001112";"Y";1;"0";"Graduate";"Female";"low";"Yes";"Semiurban";"No"
"LP001114";"Y";1;"0";"Graduate";"Male";"medium";"No";"Urban";"No"
"LP001116";"Y";1;"0";"Not Graduate";"Male";"low";"No";"Semiurban";"No"
"LP001119";"N";1;"0";"Graduate";"Male";"low";"No";"Urban";"No"
"LP001120";"Y";1;"0";"Graduate";"Male";"low";"No";"Urban";"No"
"LP001131";"Y";1;"0";"Graduate";"Male";"low";"Yes";"Semiurban";"No"
"LP001136";"Y";1;"0";"Not Graduate";"Male";"medium";"Yes";"Urban";"Yes"
"LP001137";"Y";1;"0";"Graduate";"Female";"low";"No";"Urban";"No"
"LP001138";"Y";1;"1";"Graduate";"Male";"medium";"Yes";"Urban";"No"
"LP001144";"Y";1;"0";"Graduate";"Male";"medium";"Yes";"Urban";"No"
"LP001146";"N";0;"0";"Graduate";"Female";"low";"Yes";"Urban";"No"
"LP001151";"Y";1;"0";"Graduate";"Female";"medium";"No";"Semiurban";"No"
"LP001155";"Y";1;"0";"Not Graduate";"Female";"low";"Yes";"Semiurban";"No"
"LP001157";"Y";1;"0";"Graduate";"Female";"low";"No";"Semiurban";"No"
"LP001164";"N";1;"0";"Graduate";"Female";"medium";"No";"Semiurban";"No"
"LP001179";"N";1;"2";"Graduate";"Male";"medium";"Yes";"Urban";"No"
"LP001186";"N";0;"1";"Graduate";"Female";"high";"Yes";"Urban";"Yes"
"LP001194";"Y";1;"2";"Graduate";"Male";"low";"Yes";"Semiurban";"No"
"LP001195";"Y";1;"0";"Graduate";"Male";"low";"Yes";"Semiurban";"No"
"LP001197";"N";1;"0";"Graduate";"Male";"low";"Yes";"Rural";"No"
"LP001198";"Y";1;"1";"Graduate";"Male";"medium";"Yes";"Urban";"No"
"LP001199";"Y";1;"2";"Not Graduate";"Male";"low";"Yes";"Urban";"No"
"LP001205";"Y";1;"0";"Graduate";"Male";"low";"Yes";"Urban";"No"
"LP001206";"Y";1;"3+";"Graduate";"Male";"low";"Yes";"Urban";"No"
"LP001207";"N";0;"0";"Not Graduate";"Male";"low";"Yes";"Rural";"Yes"
"LP001213";"N";0;"1";"Graduate";"Male";"medium";"Yes";"Rural";"No"
"LP001222";"N";0;"0";"Graduate";"Female";"medium";"No";"Semiurban";"No"
"LP001225";"N";1;"0";"Graduate";"Male";"medium";"Yes";"Semiurban";"No"
"LP001228";"N";0;"0";"Not Graduate";"Male";"low";"No";"Urban";"No"
"LP001233";"Y";1;"1";"Graduate";"Male";"high";"Yes";"Urban";"No"
"LP001238";"Y";1;"3+";"Not Graduate";"Male";"medium";"Yes";"Urban";"Yes"
"LP001241";"N";0;"0";"Graduate";"Female";"medium";"No";"Semiurban";"No"
"LP001243";"Y";1;"0";"Graduate";"Male";"low";"Yes";"Urban";"No"
"LP001245";"Y";1;"2";"Not Graduate";"Male";"low";"Yes";"Semiurban";"Yes"
"LP001248";"Y";1;"0";"Graduate";"Male";"low";"No";"Semiurban";"No"
"LP001250";"N";0;"3+";"Not Graduate";"Male";"medium";"Yes";"Semiurban";"No"
"LP001253";"Y";1;"3+";"Graduate";"Male";"medium";"Yes";"Semiurban";"Yes"
"LP001255";"N";1;"0";"Graduate";"Male";"low";"No";"Urban";"No"
"LP001256";"N";1;"0";"Graduate";"Male";"low";"No";"Urban";"No"
"LP001259";"N";1;"1";"Graduate";"Male";"low";"Yes";"Urban";"Yes"
"LP001263";"N";0;"3+";"Graduate";"Male";"low";"Yes";"Semiurban";"No"
"LP001265";"Y";1;"0";"Graduate";"Female";"low";"No";"Semiurban";"No"
"LP001266";"Y";1;"1";"Graduate";"Male";"low";"Yes";"Semiurban";"Yes"
"LP001267";"N";1;"2";"Graduate";"Female";"low";"Yes";"Urban";"No"
"LP001275";"Y";1;"1";"Graduate";"Male";"low";"Yes";"Urban";"No"
"LP001279";"Y";1;"0";"Graduate";"Male";"low";"No";"Semiurban";"No"
"LP001282";"Y";1;"0";"Graduate";"Male";"low";"Yes";"Semiurban";"No"
"LP001289";"Y";1;"0";"Graduate";"Male";"medium";"No";"Urban";"No"
"LP001310";"Y";1;"0";"Graduate";"Male";"medium";"Yes";"Semiurban";"No"
"LP001316";"Y";1;"0";"Graduate";"Male";"low";"Yes";"Semiurban";"No"
"LP001318";"Y";1;"2";"Graduate";"Male";"medium";"Yes";"Semiurban";"No"
"LP001319";"Y";1;"2";"Not Graduate";"Male";"low";"Yes";"Urban";"No"
"LP001322";"Y";1;"0";"Graduate";"Male";"medium";"No";"Semiurban";"No"
"LP001325";"Y";1;"0";"Not Graduate";"Male";"low";"No";"Semiurban";"No"
"LP001327";"Y";1;"0";"Graduate";"Female";"low";"Yes";"Semiurban";"No"
"LP001333";"Y";1;"0";"Graduate";"Male";"low";"Yes";"Semiurban";"No"
"LP001334";"Y";1;"0";"Not Graduate";"Male";"medium";"Yes";"Semiurban";"No"
"LP001343";"Y";1;"0";"Graduate";"Male";"low";"Yes";"Semiurban";"No"
"LP001345";"Y";1;"2";"Not Graduate";"Male";"medium";"Yes";"Urban";"No"
"LP001349";"Y";1;"0";"Graduate";"Male";"medium";"No";"Semiurban";"No"
"LP001356";"Y";1;"0";"Graduate";"Male";"medium";"Yes";"Semiurban";"No"
"LP001367";"Y";1;"1";"Graduate";"Male";"low";"Yes";"Urban";"No"
"LP001369";"Y";1;"2";"Graduate";"Male";"high";"Yes";"Urban";"No"
"LP001379";"N";0;"2";"Graduate";"Male";"low";"Yes";"Urban";"No"
"LP001384";"Y";1;"3+";"Not Graduate";"Male";"low";"Yes";"Semiurban";"No"
"LP001385";"Y";1;"0";"Graduate";"Male";"medium";"No";"Urban";"No"
"LP001391";"N";0;"0";"Not Graduate";"Male";"low";"Yes";"Rural";"No"
"LP001392";"Y";1;"1";"Graduate";"Female";"medium";"No";"Semiurban";"Yes"
"LP001401";"Y";1;"1";"Graduate";"Male";"high";"Yes";"Rural";"No"
"LP001404";"Y";1;"0";"Graduate";"Female";"low";"Yes";"Semiurban";"No"
"LP001421";"N";1;"0";"Graduate";"Male";"medium";"Yes";"Rural";"No"
"LP001422";"Y";1;"0";"Graduate";"Female";"high";"No";"Urban";"No"
"LP001430";"Y";1;"0";"Graduate";"Female";"medium";"No";"Semiurban";"No"
"LP001431";"Y";0;"0";"Graduate";"Female";"low";"No";"Semiurban";"No"
"LP001432";"Y";1;"2";"Graduate";"Male";"low";"Yes";"Semiurban";"No"
"LP001439";"Y";1;"0";"Not Graduate";"Male";"medium";"Yes";"Rural";"No"
"LP001449";"Y";1;"0";"Graduate";"Male";"low";"No";"Rural";"No"
"LP001451";"N";0;"1";"Graduate";"Male";"high";"Yes";"Urban";"Yes"
"LP001473";"Y";1;"0";"Graduate";"Male";"low";"No";"Urban";"No"
"LP001478";"Y";1;"0";"Graduate";"Male";"low";"No";"Semiurban";"No"
"LP001482";"Y";1;"0";"Graduate";"Male";"low";"Yes";"Semiurban";"Yes"
"LP001487";"Y";1;"0";"Graduate";"Male";"medium";"No";"Semiurban";"No"
"LP001488";"N";1;"3+";"Graduate";"Male";"medium";"Yes";"Semiurban";"No"
"LP001489";"N";1;"0";"Graduate";"Female";"medium";"Yes";"Rural";"No"
"LP001491";"Y";1;"2";"Graduate";"Male";"low";"Yes";"Urban";"Yes"
"LP001492";"N";0;"0";"Graduate";"Male";"high";"No";"Semiurban";"No"
"LP001493";"N";1;"2";"Not Graduate";"Male";"medium";"Yes";"Rural";"No"
"LP001497";"N";1;"2";"Graduate";"Male";"medium";"Yes";"Rural";"No"
"LP001498";"Y";1;"0";"Graduate";"Male";"medium";"No";"Urban";"No"
"LP001504";"Y";1;"0";"Graduate";"Male";"medium";"No";"Semiurban";"Yes"
"LP001507";"Y";1;"0";"Graduate";"Male";"low";"Yes";"Semiurban";"No"
"LP001508";"Y";1;"2";"Graduate";"Male";"high";"Yes";"Urban";"No"
"LP001514";"Y";1;"0";"Graduate";"Female";"low";"Yes";"Semiurban";"No"
"LP001516";"Y";1;"2";"Graduate";"Female";"high";"Yes";"Urban";"No"
"LP001518";"Y";1;"1";"Graduate";"Male";"low";"Yes";"Urban";"No"
"LP001519";"N";1;"0";"Graduate";"Female";"high";"No";"Rural";"No"
"LP001520";"Y";1;"0";"Graduate";"Male";"medium";"Yes";"Semiurban";"No"
"LP001528";"N";0;"0";"Graduate";"Male";"medium";"No";"Rural";"No"
"LP001529";"Y";1;"0";"Graduate";"Male";"low";"Yes";"Rural";"Yes"
"LP001531";"N";1;"0";"Graduate";"Male";"medium";"No";"Urban";"No"
"LP001532";"N";1;"2";"Not Graduate";"Male";"low";"Yes";"Rural";"No"
"LP001535";"Y";1;"0";"Graduate";"Male";"low";"No";"Urban";"No"
"LP001536";"Y";0;"3+";"Graduate";"Male";"high";"Yes";"Semiurban";"No"
"LP001543";"Y";1;"1";"Graduate";"Male";"medium";"Yes";"Urban";"No"
"LP001552";"Y";1;"0";"Graduate";"Male";"medium";"Yes";"Semiurban";"No"
"LP001560";"Y";1;"0";"Not Graduate";"Male";"low";"Yes";"Semiurban";"No"
"LP001562";"N";1;"0";"Graduate";"Male";"medium";"Yes";"Urban";"No"
"LP001565";"N";0;"1";"Graduate";"Male";"low";"Yes";"Semiurban";"No"
"LP001570";"Y";1;"2";"Graduate";"Male";"medium";"Yes";"Rural";"No"
"LP001572";"Y";1;"0";"Graduate";"Male";"medium";"Yes";"Urban";"No"
"LP001574";"Y";1;"0";"Graduate";"Male";"low";"Yes";"Rural";"No"
"LP001577";"N";1;"0";"Graduate";"Female";"medium";"Yes";"Rural";"No"
"LP001578";"Y";1;"0";"Graduate";"Male";"low";"Yes";"Rural";"No"
"LP001579";"N";0;"0";"Graduate";"Male";"low";"No";"Semiurban";"No"
"LP001580";"Y";1;"2";"Graduate";"Male";"medium";"Yes";"Semiurban";"No"
"LP001586";"N";1;"3+";"Not Graduate";"Male";"low";"Yes";"Rural";"No"
"LP001594";"Y";1;"0";"Graduate";"Male";"medium";"Yes";"Semiurban";"No"
"LP001603";"N";1;"0";"Not Graduate";"Male";"medium";"Yes";"Semiurban";"Yes"
"LP001606";"Y";1;"0";"Graduate";"Male";"low";"Yes";"Rural";"No"
"LP001608";"Y";1;"2";"Graduate";"Male";"low";"Yes";"Rural";"No"
"LP001610";"N";0;"3+";"Graduate";"Male";"medium";"Yes";"Semiurban";"No"
"LP001616";"Y";1;"1";"Graduate";"Male";"low";"Yes";"Semiurban";"No"
"LP001630";"N";0;"0";"Not Graduate";"Male";"low";"No";"Urban";"No"
"LP001633";"N";0;"1";"Graduate";"Male";"medium";"Yes";"Urban";"No"
"LP001636";"Y";1;"0";"Graduate";"Male";"medium";"Yes";"Semiurban";"No"
"LP001637";"N";1;"1";"Graduate";"Male";"high";"Yes";"Semiurban";"No"
"LP001639";"Y";1;"0";"Graduate";"Female";"low";"Yes";"Semiurban";"No"
"LP001640";"Y";1;"0";"Graduate";"Male";"high";"Yes";"Semiurban";"Yes"
"LP001641";"N";0;"1";"Graduate";"Male";"low";"Yes";"Rural";"Yes"
"LP001647";"Y";1;"0";"Graduate";"Male";"medium";"Yes";"Rural";"No"
"LP001653";"Y";1;"0";"Not Graduate";"Male";"medium";"No";"Rural";"No"
"LP001656";"N";1;"0";"Graduate";"Male";"high";"No";"Semiurban";"No"
"LP001657";"N";1;"0";"Not Graduate";"Male";"medium";"Yes";"Urban";"No"
"LP001658";"Y";1;"0";"Graduate";"Male";"low";"No";"Semiurban";"No"
"LP001664";"Y";1;"0";"Graduate";"Male";"medium";"No";"Rural";"No"
"LP001665";"N";1;"1";"Graduate";"Male";"low";"Yes";"Semiurban";"No"
"LP001666";"Y";1;"0";"Graduate";"Male";"medium";"No";"Rural";"No"
"LP001669";"Y";1;"0";"Not Graduate";"Female";"low";"No";"Urban";"No"
"LP001673";"N";1;"0";"Graduate";"Male";"high";"No";"Urban";"Yes"
"LP001674";"Y";1;"1";"Not Graduate";"Male";"low";"Yes";"Semiurban";"No"
"LP001677";"Y";0;"2";"Graduate";"Male";"medium";"No";"Semiurban";"No"
"LP001682";"N";1;"3+";"Not Graduate";"Male";"low";"Yes";"Urban";"No"
"LP001688";"Y";1;"1";"Not Graduate";"Male";"low";"Yes";"Urban";"No"
"LP001691";"Y";1;"2";"Not Graduate";"Male";"low";"Yes";"Semiurban";"No"
"LP001692";"Y";1;"0";"Not Graduate";"Female";"medium";"No";"Semiurban";"No"
"LP001693";"Y";1;"0";"Graduate";"Female";"low";"No";"Urban";"No"
"LP001698";"Y";1;"0";"Not Graduate";"Male";"low";"No";"Rural";"No"
"LP001699";"Y";1;"0";"Graduate";"Male";"low";"No";"Urban";"No"
"LP001702";"N";1;"0";"Graduate";"Male";"low";"No";"Semiurban";"No"
"LP001708";"N";1;"0";"Graduate";"Female";"high";"No";"Semiurban";"No"
"LP001711";"N";0;"3+";"Graduate";"Male";"low";"Yes";"Semiurban";"No"
"LP001713";"Y";1;"1";"Graduate";"Male";"medium";"Yes";"Urban";"Yes"
"LP001715";"Y";1;"3+";"Not Graduate";"Male";"medium";"Yes";"Rural";"Yes"
"LP001716";"Y";1;"0";"Graduate";"Male";"low";"Yes";"Urban";"No"
"LP001720";"Y";1;"3+";"Not Graduate";"Male";"low";"Yes";"Semiurban";"No"
"LP001722";"N";1;"0";"Graduate";"Male";"low";"Yes";"Rural";"No"
"LP001726";"Y";1;"0";"Graduate";"Male";"low";"Yes";"Semiurban";"No"
"LP001736";"N";0;"0";"Graduate";"Male";"low";"Yes";"Urban";"No"
"LP001743";"Y";1;"2";"Graduate";"Male";"medium";"Yes";"Semiurban";"No"
"LP001744";"Y";1;"0";"Graduate";"Male";"low";"No";"Semiurban";"No"
"LP001749";"Y";1;"0";"Graduate";"Male";"medium";"Yes";"Semiurban";"No"
"LP001750";"Y";1;"0";"Graduate";"Male";"medium";"Yes";"Semiurban";"No"
"LP001751";"N";1;"0";"Graduate";"Male";"low";"Yes";"Rural";"No"
"LP001758";"Y";1;"2";"Graduate";"Male";"medium";"Yes";"Semiurban";"No"
"LP001761";"Y";1;"0";"Graduate";"Male";"medium";"No";"Rural";"Yes"
"LP001765";"Y";1;"1";"Graduate";"Male";"low";"Yes";"Semiurban";"No"
"LP001770";"Y";1;"0";"Not Graduate";"Male";"low";"No";"Rural";"No"
"LP001776";"Y";1;"0";"Graduate";"Female";"medium";"No";"Semiurban";"No"
"LP001778";"Y";1;"1";"Graduate";"Male";"low";"Yes";"Semiurban";"No"
"LP001784";"Y";1;"1";"Graduate";"Male";"medium";"Yes";"Rural";"No"
"LP001790";"Y";1;"1";"Graduate";"Female";"low";"No";"Rural";"No"
"LP001792";"Y";1;"1";"Graduate";"Male";"low";"Yes";"Semiurban";"No"
"LP001798";"Y";1;"2";"Graduate";"Male";"medium";"Yes";"Rural";"No"
"LP001800";"N";1;"1";"Not Graduate";"Male";"low";"Yes";"Urban";"No"
"LP001806";"Y";1;"0";"Graduate";"Male";"low";"No";"Urban";"No"
"LP001807";"Y";1;"2";"Graduate";"Male";"medium";"Yes";"Rural";"Yes"
"LP001811";"Y";1;"0";"Not Graduate";"Male";"low";"Yes";"Semiurban";"No"
"LP001813";"N";1;"0";"Graduate";"Male";"medium";"No";"Urban";"Yes"
"LP001814";"Y";1;"2";"Graduate";"Male";"medium";"Yes";"Urban";"No"
"LP001819";"Y";1;"1";"Not Graduate";"Male";"medium";"Yes";"Urban";"No"
"LP001824";"Y";1;"1";"Graduate";"Male";"low";"Yes";"Semiurban";"No"
"LP001825";"Y";1;"0";"Graduate";"Male";"low";"Yes";"Urban";"No"
"LP001835";"N";0;"0";"Not Graduate";"Male";"low";"Yes";"Semiurban";"No"
"LP001836";"N";1;"2";"Graduate";"Female";"low";"No";"Urban";"No"
"LP001841";"Y";1;"0";"Not Graduate";"Male";"low";"No";"Rural";"Yes"
"LP001843";"Y";1;"1";"Not Graduate";"Male";"low";"Yes";"Semiurban";"No"
"LP001844";"N";0;"0";"Graduate";"Male";"high";"No";"Urban";"Yes"
"LP001846";"Y";1;"3+";"Graduate";"Female";"low";"No";"Rural";"No"
"LP001849";"N";0;"0";"Not Graduate";"Male";"medium";"No";"Rural";"No"
"LP001854";"N";1;"3+";"Graduate";"Male";"medium";"Yes";"Urban";"No"
"LP001859";"N";1;"0";"Graduate";"Male";"high";"Yes";"Rural";"No"
"LP001868";"Y";1;"0";"Graduate";"Male";"low";"No";"Semiurban";"No"
"LP001870";"N";1;"1";"Graduate";"Female";"low";"No";"Semiurban";"No"
"LP001871";"Y";1;"0";"Graduate";"Female";"medium";"No";"Rural";"No"
"LP001872";"Y";1;"0";"Graduate";"Male";"medium";"No";"Semiurban";"Yes"
"LP001875";"Y";1;"0";"Graduate";"Male";"medium";"No";"Rural";"No"
"LP001877";"Y";1;"2";"Graduate";"Male";"medium";"Yes";"Semiurban";"No"
"LP001882";"Y";0;"3+";"Graduate";"Male";"medium";"Yes";"Urban";"No"
"LP001884";"Y";1;"1";"Graduate";"Female";"low";"No";"Urban";"No"
"LP001888";"Y";1;"0";"Graduate";"Female";"low";"No";"Urban";"No"
"LP001891";"Y";1;"0";"Graduate";"Male";"high";"Yes";"Urban";"No"
"LP001892";"Y";1;"0";"Graduate";"Male";"low";"No";"Rural";"No"
"LP001894";"Y";1;"0";"Graduate";"Male";"low";"Yes";"Semiurban";"No"
"LP001896";"Y";1;"2";"Graduate";"Male";"low";"Yes";"Semiurban";"No"
"LP001900";"Y";1;"1";"Graduate";"Male";"low";"Yes";"Semiurban";"No"
"LP001903";"Y";1;"0";"Graduate";"Male";"low";"Yes";"Semiurban";"No"
"LP001904";"Y";1;"0";"Graduate";"Male";"low";"Yes";"Urban";"No"
"LP001907";"Y";1;"0";"Graduate";"Male";"high";"Yes";"Semiurban";"No"
"LP001910";"N";0;"1";"Not Graduate";"Male";"medium";"No";"Urban";"Yes"
"LP001914";"Y";1;"0";"Graduate";"Male";"low";"Yes";"Semiurban";"No"
"LP001915";"Y";1;"2";"Graduate";"Male";"low";"Yes";"Urban";"No"
"LP001917";"Y";1;"0";"Graduate";"Female";"low";"No";"Urban";"No"
"LP001922";"N";1;"0";"Graduate";"Male";"high";"Yes";"Rural";"No"
"LP001924";"Y";1;"0";"Graduate";"Male";"low";"No";"Rural";"No"
"LP001925";"N";1;"0";"Graduate";"Female";"low";"No";"Semiurban";"Yes"
"LP001926";"Y";1;"0";"Graduate";"Male";"low";"Yes";"Rural";"No"
"LP001931";"Y";1;"0";"Graduate";"Female";"medium";"No";"Semiurban";"No"
"LP001935";"Y";1;"0";"Graduate";"Male";"medium";"No";"Rural";"No"
"LP001936";"Y";1;"0";"Graduate";"Male";"low";"Yes";"Rural";"No"
"LP001938";"N";0;"2";"Graduate";"Male";"medium";"Yes";"Semiurban";"No"
"LP001940";"Y";1;"2";"Graduate";"Male";"low";"Yes";"Urban";"No"
"LP001947";"Y";1;"0";"Graduate";"Male";"low";"Yes";"Semiurban";"No"
"LP001953";"Y";1;"1";"Graduate";"Male";"medium";"Yes";"Semiurban";"No"
"LP001954";"Y";1;"1";"Graduate";"Female";"medium";"Yes";"Urban";"No"
"LP001955";"N";1;"0";"Graduate";"Female";"medium";"No";"Rural";"No"
"LP001963";"N";1;"1";"Graduate";"Male";"low";"Yes";"Urban";"No"
"LP001964";"N";0;"0";"Not Graduate";"Male";"low";"Yes";"Urban";"No"
"LP001974";"Y";1;"0";"Graduate";"Female";"medium";"No";"Rural";"No"
"LP001977";"Y";1;"1";"Graduate";"Male";"low";"Yes";"Urban";"No"
"LP001978";"Y";1;"0";"Graduate";"Male";"medium";"No";"Rural";"No"
"LP001990";"N";1;"0";"Not Graduate";"Male";"low";"No";"Urban";"No"
"LP001993";"Y";1;"0";"Graduate";"Female";"low";"No";"Rural";"No"
"LP001994";"N";0;"0";"Graduate";"Female";"low";"No";"Urban";"No"
"LP001996";"N";1;"0";"Graduate";"Male";"high";"No";"Rural";"No"
"LP002002";"Y";1;"0";"Graduate";"Female";"low";"No";"Semiurban";"No"
"LP002004";"Y";1;"0";"Not Graduate";"Male";"low";"No";"Semiurban";"No"
"LP002006";"Y";1;"0";"Graduate";"Female";"low";"No";"Rural";"No"
"LP002031";"Y";1;"1";"Not Graduate";"Male";"low";"Yes";"Urban";"No"
"LP002035";"Y";1;"2";"Graduate";"Male";"low";"Yes";"Semiurban";"No"
"LP002050";"N";1;"1";"Graduate";"Male";"high";"Yes";"Rural";"Yes"
"LP002051";"Y";1;"0";"Graduate";"Male";"low";"Yes";"Semiurban";"No"
"LP002053";"Y";1;"3+";"Graduate";"Male";"medium";"Yes";"Semiurban";"No"
"LP002054";"Y";1;"2";"Not Graduate";"Male";"low";"Yes";"Rural";"No"
"LP002065";"Y";1;"3+";"Graduate";"Male";"high";"Yes";"Rural";"No"
"LP002067";"N";0;"1";"Graduate";"Male";"medium";"Yes";"Rural";"Yes"
"LP002068";"Y";0;"0";"Graduate";"Male";"medium";"No";"Rural";"No"
"LP002082";"Y";1;"0";"Graduate";"Male";"medium";"Yes";"Semiurban";"Yes"
"LP002086";"N";1;"0";"Graduate";"Female";"medium";"Yes";"Urban";"No"
"LP002087";"Y";1;"0";"Graduate";"Female";"low";"No";"Urban";"No"
"LP002097";"Y";1;"1";"Graduate";"Male";"medium";"No";"Urban";"No"
"LP002098";"Y";1;"0";"Graduate";"Male";"low";"No";"Semiurban";"No"
"LP002112";"Y";1;"2";"Graduate";"Male";"low";"Yes";"Rural";"Yes"
"LP002113";"N";0;"3+";"Not Graduate";"Female";"low";"No";"Urban";"No"
"LP002114";"Y";1;"0";"Graduate";"Female";"medium";"No";"Semiurban";"No"
"LP002115";"N";1;"3+";"Not Graduate";"Male";"low";"Yes";"Rural";"No"
"LP002116";"N";1;"0";"Graduate";"Female";"low";"No";"Rural";"No"
"LP002119";"Y";1;"1";"Not Graduate";"Male";"medium";"Yes";"Urban";"No"
"LP002126";"Y";1;"3+";"Not Graduate";"Male";"low";"Yes";"Semiurban";"No"
"LP002129";"Y";1;"0";"Graduate";"Male";"low";"Yes";"Semiurban";"No"
"LP002131";"Y";1;"2";"Not Graduate";"Male";"low";"Yes";"Urban";"No"
"LP002138";"Y";1;"0";"Graduate";"Male";"low";"Yes";"Rural";"No"
"LP002139";"Y";1;"0";"Graduate";"Male";"medium";"Yes";"Semiurban";"No"
"LP002140";"N";1;"0";"Graduate";"Male";"medium";"No";"Rural";"No"
"LP002141";"Y";1;"3+";"Graduate";"Male";"low";"Yes";"Rural";"No"
"LP002142";"N";0;"0";"Graduate";"Female";"medium";"Yes";"Rural";"Yes"
"LP002143";"Y";1;"0";"Graduate";"Female";"low";"Yes";"Semiurban";"No"
"LP002149";"Y";1;"2";"Graduate";"Male";"medium";"Yes";"Rural";"No"
"LP002151";"N";1;"1";"Graduate";"Male";"low";"Yes";"Urban";"No"
"LP002158";"N";0;"0";"Not Graduate";"Male";"low";"Yes";"Urban";"No"
"LP002160";"Y";1;"3+";"Graduate";"Male";"medium";"Yes";"Semiurban";"No"
"LP002161";"N";1;"1";"Graduate";"Female";"medium";"No";"Semiurban";"No"
"LP002170";"Y";1;"2";"Graduate";"Male";"medium";"Yes";"Semiurban";"No"
"LP002175";"Y";1;"0";"Graduate";"Male";"medium";"Yes";"Urban";"No"
"LP002180";"Y";1;"0";"Graduate";"Male";"medium";"No";"Rural";"Yes"
"LP002181";"N";1;"0";"Not Graduate";"Male";"medium";"No";"Rural";"No"
"LP002187";"N";1;"0";"Graduate";"Male";"low";"No";"Semiurban";"No"
"LP002188";"N";0;"0";"Graduate";"Male";"medium";"No";"Rural";"No"
"LP002190";"Y";1;"1";"Graduate";"Male";"medium";"Yes";"Semiurban";"No"
"LP002191";"N";1;"0";"Graduate";"Male";"high";"Yes";"Rural";"No"
"LP002194";"Y";1;"0";"Graduate";"Female";"high";"No";"Semiurban";"Yes"
"LP002197";"Y";1;"2";"Graduate";"Male";"medium";"Yes";"Semiurban";"No"
"LP002201";"Y";1;"2";"Graduate";"Male";"medium";"Yes";"Rural";"Yes"
"LP002205";"N";0;"1";"Graduate";"Male";"low";"No";"Urban";"No"
"LP002211";"Y";1;"0";"Graduate";"Male";"medium";"Yes";"Urban";"No"
"LP002219";"Y";1;"3+";"Graduate";"Male";"medium";"Yes";"Rural";"No"
"LP002224";"N";1;"0";"Graduate";"Male";"low";"No";"Urban";"No"
"LP002225";"Y";1;"2";"Graduate";"Male";"medium";"Yes";"Urban";"No"
"LP002229";"Y";1;"0";"Graduate";"Male";"medium";"No";"Semiurban";"No"
"LP002231";"Y";1;"0";"Graduate";"Female";"medium";"No";"Urban";"No"
"LP002234";"Y";1;"0";"Graduate";"Male";"medium";"No";"Urban";"Yes"
"LP002236";"N";1;"2";"Graduate";"Male";"medium";"Yes";"Urban";"No"
"LP002239";"Y";1;"0";"Not Graduate";"Male";"low";"No";"Semiurban";"No"
"LP002243";"N";0;"0";"Not Graduate";"Male";"low";"Yes";"Urban";"No"
"LP002244";"Y";1;"0";"Graduate";"Male";"low";"Yes";"Urban";"No"
"LP002250";"Y";1;"0";"Graduate";"Male";"medium";"Yes";"Rural";"No"
"LP002255";"Y";1;"3+";"Graduate";"Male";"medium";"No";"Rural";"No"
"LP002262";"Y";1;"3+";"Graduate";"Male";"medium";"Yes";"Rural";"No"
"LP002265";"Y";1;"2";"Not Graduate";"Male";"low";"Yes";"Semiurban";"No"
"LP002266";"Y";1;"2";"Graduate";"Male";"low";"Yes";"Urban";"No"
"LP002277";"N";0;"0";"Graduate";"Female";"low";"No";"Urban";"No"
"LP002281";"Y";1;"0";"Graduate";"Male";"low";"Yes";"Urban";"No"
"LP002284";"Y";1;"0";"Not Graduate";"Male";"low";"No";"Rural";"No"
"LP002287";"N";0;"0";"Graduate";"Female";"low";"No";"Semiurban";"No"
"LP002288";"N";0;"2";"Not Graduate";"Male";"low";"Yes";"Urban";"No"
"LP002296";"N";1;"0";"Not Graduate";"Male";"low";"No";"Rural";"No"
"LP002297";"Y";1;"0";"Graduate";"Male";"low";"No";"Semiurban";"No"
"LP002300";"Y";1;"0";"Not Graduate";"Female";"low";"No";"Semiurban";"No"
"LP002301";"N";1;"0";"Graduate";"Female";"medium";"No";"Rural";"Yes"
"LP002305";"Y";1;"0";"Graduate";"Female";"medium";"No";"Semiurban";"No"
"LP002308";"Y";1;"0";"Not Graduate";"Male";"low";"Yes";"Urban";"No"
"LP002314";"Y";1;"0";"Not Graduate";"Female";"low";"No";"Rural";"No"
"LP002315";"N";0;"1";"Graduate";"Male";"medium";"Yes";"Semiurban";"No"
"LP002317";"N";0;"3+";"Graduate";"Male";"high";"Yes";"Rural";"No"
"LP002318";"N";1;"1";"Not Graduate";"Female";"low";"No";"Semiurban";"Yes"
"LP002328";"N";0;"0";"Not Graduate";"Male";"medium";"Yes";"Rural";"No"
"LP002332";"Y";1;"0";"Not Graduate";"Male";"low";"Yes";"Rural";"No"
"LP002335";"N";0;"0";"Not Graduate";"Female";"low";"Yes";"Semiurban";"No"
"LP002337";"Y";1;"0";"Graduate";"Female";"low";"No";"Urban";"No"
"LP002341";"N";1;"1";"Graduate";"Female";"low";"No";"Urban";"No"
"LP002342";"N";1;"2";"Graduate";"Male";"low";"Yes";"Urban";"Yes"
"LP002345";"Y";1;"0";"Graduate";"Male";"low";"Yes";"Rural";"No"
"LP002347";"Y";1;"0";"Graduate";"Male";"low";"Yes";"Semiurban";"No"
"LP002348";"Y";1;"0";"Graduate";"Male";"medium";"Yes";"Rural";"No"
"LP002357";"N";0;"0";"Not Graduate";"Female";"low";"No";"Urban";"No"
"LP002361";"Y";1;"0";"Graduate";"Male";"low";"Yes";"Urban";"No"
"LP002362";"N";0;"1";"Graduate";"Male";"medium";"Yes";"Urban";"No"
"LP002364";"Y";1;"0";"Graduate";"Male";"high";"Yes";"Semiurban";"No"
"LP002366";"Y";1;"0";"Graduate";"Male";"low";"Yes";"Rural";"No"
"LP002367";"N";1;"1";"Not Graduate";"Female";"medium";"No";"Rural";"No"
"LP002368";"Y";1;"2";"Graduate";"Male";"medium";"Yes";"Semiurban";"No"
"LP002369";"Y";1;"0";"Graduate";"Male";"low";"Yes";"Rural";"No"
"LP002370";"Y";1;"0";"Not Graduate";"Male";"low";"No";"Urban";"No"
"LP002377";"Y";1;"1";"Graduate";"Female";"medium";"No";"Semiurban";"Yes"
"LP002379";"N";0;"0";"Graduate";"Male";"medium";"No";"Rural";"No"
"LP002387";"Y";1;"0";"Graduate";"Male";"low";"Yes";"Semiurban";"No"
"LP002390";"Y";1;"0";"Graduate";"Male";"low";"No";"Urban";"No"
"LP002398";"Y";1;"0";"Graduate";"Male";"low";"No";"Semiurban";"No"
"LP002401";"Y";1;"0";"Graduate";"Male";"low";"Yes";"Urban";"No"
"LP002403";"N";0;"0";"Graduate";"Male";"high";"No";"Urban";"Yes"
"LP002407";"Y";1;"0";"Not Graduate";"Female";"medium";"Yes";"Rural";"Yes"
"LP002408";"Y";1;"0";"Graduate";"Male";"low";"No";"Semiurban";"No"
"LP002409";"Y";1;"0";"Graduate";"Male";"medium";"Yes";"Rural";"No"
"LP002418";"Y";1;"3+";"Not Graduate";"Male";"medium";"No";"Semiurban";"No"
"LP002422";"Y";1;"1";"Graduate";"Male";"high";"No";"Semiurban";"No"
"LP002429";"Y";1;"1";"Graduate";"Male";"low";"Yes";"Rural";"Yes"
"LP002434";"Y";1;"2";"Not Graduate";"Male";"medium";"Yes";"Rural";"No"
"LP002443";"N";0;"2";"Graduate";"Male";"low";"Yes";"Rural";"No"
"LP002446";"N";0;"2";"Not Graduate";"Male";"low";"Yes";"Rural";"No"
"LP002448";"N";0;"0";"Graduate";"Male";"low";"Yes";"Rural";"No"
"LP002449";"Y";0;"0";"Graduate";"Male";"low";"Yes";"Rural";"No"
"LP002453";"Y";1;"0";"Graduate";"Male";"medium";"No";"Semiurban";"Yes"
"LP002455";"Y";1;"2";"Graduate";"Male";"low";"Yes";"Semiurban";"No"
"LP002459";"Y";1;"0";"Graduate";"Male";"medium";"Yes";"Urban";"No"
"LP002467";"N";1;"0";"Graduate";"Male";"low";"Yes";"Urban";"No"
"LP002472";"Y";1;"2";"Graduate";"Male";"medium";"No";"Rural";"No"
"LP002473";"N";1;"0";"Graduate";"Male";"medium";"Yes";"Semiurban";"No"
"LP002484";"Y";1;"3+";"Graduate";"Male";"medium";"Yes";"Urban";"No"
"LP002487";"Y";1;"0";"Graduate";"Male";"low";"Yes";"Rural";"No"
"LP002493";"N";0;"0";"Graduate";"Male";"medium";"No";"Semiurban";"No"
"LP002494";"Y";1;"0";"Graduate";"Male";"medium";"No";"Rural";"No"
"LP002500";"N";0;"3+";"Not Graduate";"Male";"low";"Yes";"Urban";"No"
"LP002505";"N";1;"0";"Graduate";"Male";"medium";"Yes";"Urban";"No"
"LP002515";"Y";1;"1";"Graduate";"Male";"low";"Yes";"Semiurban";"Yes"
"LP002517";"N";0;"1";"Not Graduate";"Male";"low";"Yes";"Rural";"No"
"LP002519";"Y";1;"3+";"Graduate";"Male";"medium";"Yes";"Semiurban";"No"
"LP002524";"Y";1;"2";"Graduate";"Male";"medium";"No";"Rural";"No"
"LP002527";"Y";1;"2";"Graduate";"Male";"high";"Yes";"Rural";"Yes"
"LP002529";"Y";1;"2";"Graduate";"Male";"medium";"Yes";"Semiurban";"No"
"LP002531";"Y";1;"1";"Graduate";"Male";"high";"Yes";"Semiurban";"Yes"
"LP002533";"N";1;"2";"Graduate";"Male";"low";"Yes";"Urban";"No"
"LP002534";"Y";1;"0";"Not Graduate";"Female";"medium";"No";"Rural";"No"
"LP002536";"Y";1;"3+";"Not Graduate";"Male";"low";"Yes";"Rural";"No"
"LP002537";"Y";1;"0";"Graduate";"Male";"low";"Yes";"Semiurban";"No"
"LP002541";"Y";1;"0";"Graduate";"Male";"high";"Yes";"Semiurban";"No"
"LP002543";"Y";1;"2";"Graduate";"Male";"medium";"Yes";"Semiurban";"No"
"LP002544";"Y";1;"1";"Not Graduate";"Male";"low";"Yes";"Rural";"No"
"LP002545";"N";0;"2";"Graduate";"Male";"low";"No";"Rural";"No"
"LP002547";"N";1;"1";"Graduate";"Male";"high";"Yes";"Urban";"No"
"LP002555";"Y";1;"2";"Graduate";"Male";"medium";"Yes";"Semiurban";"Yes"
"LP002556";"N";1;"0";"Graduate";"Male";"low";"No";"Urban";"No"
"LP002571";"Y";1;"0";"Not Graduate";"Male";"low";"No";"Rural";"No"
"LP002582";"Y";1;"0";"Not Graduate";"Female";"high";"No";"Semiurban";"Yes"
"LP002585";"N";0;"0";"Graduate";"Male";"low";"Yes";"Rural";"No"
"LP002586";"Y";1;"1";"Graduate";"Female";"low";"Yes";"Semiurban";"No"
"LP002587";"Y";1;"0";"Not Graduate";"Male";"low";"Yes";"Rural";"No"
"LP002600";"Y";1;"1";"Graduate";"Male";"low";"Yes";"Semiurban";"Yes"
"LP002602";"N";0;"0";"Graduate";"Male";"medium";"No";"Rural";"No"
"LP002603";"Y";1;"0";"Graduate";"Female";"low";"No";"Rural";"No"
"LP002606";"Y";1;"0";"Graduate";"Female";"low";"No";"Semiurban";"No"
"LP002615";"Y";1;"2";"Graduate";"Male";"medium";"Yes";"Semiurban";"No"
"LP002619";"Y";1;"0";"Not Graduate";"Male";"low";"Yes";"Semiurban";"No"
"LP002622";"Y";1;"2";"Graduate";"Male";"low";"Yes";"Rural";"No"
"LP002626";"Y";1;"0";"Graduate";"Male";"low";"Yes";"Urban";"Yes"
"LP002634";"Y";1;"1";"Graduate";"Female";"high";"No";"Urban";"No"
"LP002637";"N";1;"0";"Not Graduate";"Male";"low";"No";"Rural";"No"
"LP002640";"Y";1;"1";"Graduate";"Male";"medium";"Yes";"Semiurban";"No"
"LP002643";"Y";1;"2";"Graduate";"Male";"low";"Yes";"Urban";"No"
"LP002648";"N";1;"0";"Graduate";"Male";"low";"Yes";"Semiurban";"No"
"LP002652";"N";1;"0";"Graduate";"Male";"medium";"No";"Rural";"No"
"LP002659";"Y";1;"3+";"Graduate";"Male";"low";"Yes";"Rural";"No"
"LP002670";"Y";1;"2";"Graduate";"Female";"low";"Yes";"Semiurban";"No"
"LP002683";"N";1;"0";"Graduate";"Male";"medium";"No";"Semiurban";"No"
"LP002684";"N";1;"0";"Not Graduate";"Female";"low";"No";"Rural";"No"
"LP002689";"Y";1;"2";"Not Graduate";"Male";"low";"Yes";"Semiurban";"No"
"LP002690";"Y";1;"0";"Graduate";"Male";"low";"No";"Semiurban";"No"
"LP002692";"Y";1;"3+";"Graduate";"Male";"medium";"Yes";"Rural";"Yes"
"LP002693";"Y";1;"2";"Graduate";"Male";"medium";"Yes";"Rural";"Yes"
"LP002697";"N";1;"0";"Graduate";"Male";"medium";"No";"Semiurban";"No"
"LP002699";"Y";1;"2";"Graduate";"Male";"high";"Yes";"Rural";"Yes"
"LP002705";"Y";1;"0";"Graduate";"Male";"low";"Yes";"Semiurban";"No"
"LP002706";"Y";0;"1";"Not Graduate";"Male";"medium";"Yes";"Semiurban";"No"
"LP002714";"Y";1;"1";"Not Graduate";"Male";"low";"No";"Semiurban";"No"
"LP002716";"Y";1;"0";"Not Graduate";"Male";"medium";"No";"Semiurban";"No"
"LP002720";"Y";1;"3+";"Graduate";"Male";"medium";"Yes";"Urban";"No"
"LP002723";"N";0;"2";"Graduate";"Male";"low";"No";"Rural";"No"
"LP002731";"Y";1;"0";"Not Graduate";"Female";"high";"No";"Urban";"Yes"
"LP002734";"Y";1;"0";"Graduate";"Male";"medium";"Yes";"Urban";"No"
"LP002738";"Y";1;"2";"Graduate";"Male";"low";"No";"Semiurban";"No"
"LP002739";"N";1;"0";"Not Graduate";"Male";"low";"Yes";"Rural";"No"
"LP002740";"Y";1;"3+";"Graduate";"Male";"medium";"Yes";"Rural";"No"
"LP002741";"Y";1;"1";"Graduate";"Female";"medium";"Yes";"Semiurban";"No"
"LP002743";"N";0;"0";"Graduate";"Female";"low";"No";"Semiurban";"No"
"LP002755";"Y";1;"1";"Not Graduate";"Male";"low";"Yes";"Urban";"No"
"LP002767";"Y";1;"0";"Graduate";"Male";"low";"Yes";"Rural";"No"
"LP002768";"N";1;"0";"Not Graduate";"Male";"low";"No";"Semiurban";"No"
"LP002772";"Y";1;"0";"Graduate";"Male";"low";"No";"Rural";"No"
"LP002776";"N";0;"0";"Graduate";"Female";"medium";"No";"Semiurban";"No"
"LP002777";"Y";1;"0";"Graduate";"Male";"low";"Yes";"Rural";"No"
"LP002778";"N";0;"2";"Graduate";"Male";"medium";"Yes";"Rural";"Yes"
"LP002784";"Y";1;"1";"Not Graduate";"Male";"low";"Yes";"Rural";"No"
"LP002785";"Y";1;"1";"Graduate";"Male";"low";"Yes";"Urban";"No"
"LP002788";"N";0;"0";"Not Graduate";"Male";"low";"Yes";"Urban";"No"
"LP002789";"N";0;"0";"Graduate";"Male";"low";"Yes";"Rural";"No"
"LP002792";"Y";1;"1";"Graduate";"Male";"medium";"Yes";"Semiurban";"No"
"LP002795";"Y";1;"3+";"Graduate";"Male";"high";"Yes";"Semiurban";"Yes"
"LP002798";"Y";1;"0";"Graduate";"Male";"low";"Yes";"Semiurban";"No"
"LP002804";"Y";1;"0";"Graduate";"Female";"medium";"Yes";"Semiurban";"No"
"LP002807";"Y";1;"2";"Not Graduate";"Male";"low";"Yes";"Semiurban";"No"
"LP002813";"Y";1;"1";"Graduate";"Female";"high";"Yes";"Semiurban";"Yes"
"LP002820";"Y";1;"0";"Graduate";"Male";"medium";"Yes";"Rural";"No"
"LP002821";"Y";1;"0";"Not Graduate";"Male";"medium";"No";"Semiurban";"Yes"
"LP002832";"N";0;"2";"Graduate";"Male";"medium";"Yes";"Urban";"No"
"LP002836";"Y";1;"0";"Graduate";"Male";"low";"No";"Urban";"No"
"LP002837";"N";0;"3+";"Graduate";"Male";"low";"Yes";"Rural";"No"
"LP002840";"N";1;"0";"Graduate";"Female";"low";"No";"Urban";"No"
"LP002841";"N";0;"0";"Graduate";"Male";"low";"Yes";"Urban";"No"
"LP002842";"Y";1;"1";"Graduate";"Male";"low";"Yes";"Urban";"No"
"LP002855";"Y";1;"2";"Graduate";"Male";"high";"Yes";"Urban";"No"
"LP002862";"N";1;"2";"Not Graduate";"Male";"medium";"Yes";"Semiurban";"No"
"LP002863";"N";1;"3+";"Graduate";"Male";"medium";"Yes";"Semiurban";"No"
"LP002868";"Y";1;"2";"Graduate";"Male";"low";"Yes";"Urban";"No"
"LP002874";"Y";1;"0";"Graduate";"Male";"low";"No";"Urban";"No"
"LP002877";"Y";1;"1";"Graduate";"Male";"low";"Yes";"Rural";"No"
"LP002892";"Y";1;"2";"Graduate";"Male";"medium";"Yes";"Semiurban";"No"
"LP002893";"N";1;"0";"Graduate";"Male";"low";"No";"Urban";"No"
"LP002894";"Y";1;"0";"Graduate";"Female";"low";"Yes";"Semiurban";"No"
"LP002911";"N";0;"1";"Graduate";"Male";"low";"Yes";"Rural";"No"
"LP002912";"N";1;"1";"Graduate";"Male";"medium";"Yes";"Rural";"No"
"LP002916";"Y";1;"0";"Graduate";"Male";"low";"Yes";"Urban";"No"
"LP002917";"Y";1;"0";"Not Graduate";"Female";"low";"No";"Semiurban";"No"
"LP002926";"N";0;"2";"Graduate";"Male";"low";"Yes";"Semiurban";"Yes"
"LP002928";"Y";1;"0";"Graduate";"Male";"low";"Yes";"Semiurban";"No"
"LP002931";"N";1;"2";"Graduate";"Male";"medium";"Yes";"Semiurban";"Yes"
"LP002936";"Y";1;"0";"Graduate";"Male";"low";"Yes";"Rural";"No"
"LP002938";"Y";1;"0";"Graduate";"Male";"high";"Yes";"Urban";"Yes"
"LP002940";"Y";1;"0";"Not Graduate";"Male";"low";"No";"Rural";"No"
"LP002941";"N";1;"2";"Not Graduate";"Male";"medium";"Yes";"Rural";"Yes"
"LP002945";"Y";1;"0";"Graduate";"Male";"medium";"Yes";"Rural";"Yes"
"LP002948";"Y";1;"2";"Graduate";"Male";"medium";"Yes";"Urban";"No"
"LP002953";"Y";1;"3+";"Graduate";"Male";"medium";"Yes";"Urban";"No"
"LP002958";"Y";1;"0";"Graduate";"Male";"low";"No";"Rural";"No"
"LP002959";"Y";1;"1";"Graduate";"Female";"high";"Yes";"Semiurban";"No"
"LP002960";"N";1;"0";"Not Graduate";"Male";"low";"Yes";"Urban";"No"
"LP002961";"Y";1;"1";"Graduate";"Male";"low";"Yes";"Semiurban";"No"
"LP002964";"Y";1;"2";"Not Graduate";"Male";"low";"Yes";"Rural";"No"
"LP002974";"Y";1;"0";"Graduate";"Male";"low";"Yes";"Rural";"No"
"LP002978";"Y";1;"0";"Graduate";"Female";"low";"No";"Rural";"No"
"LP002979";"Y";1;"3+";"Graduate";"Male";"medium";"Yes";"Rural";"No"
"LP002983";"Y";1;"1";"Graduate";"Male";"medium";"Yes";"Urban";"No"
"LP002984";"Y";1;"2";"Graduate";"Male";"medium";"Yes";"Urban";"No"
"LP002990";"N";0;"0";"Graduate";"Female";"medium";"No";"Semiurban";"Yes"
